{
  "batch_audit_version": "1.0.0",
  "configuration": {
    "cases_per_dataset": 50,
    "hidden_seeds": [
      1701
    ],
    "public_seed": 823,
    "repeat": 1,
    "total_agents": 2
  },
  "detailed_results": [
    {
      "candidate": "candidates.baseline_candidate",
      "certified": true,
      "correct": 100,
      "elapsed_seconds": 0.07186534100000586,
      "error": null,
      "failed": 0,
      "failure_families": [],
      "hidden_scores": [
        {
          "baseline_median_ms": 0.3514154999919583,
          "baseline_p95_ms": 0.6068680000055338,
          "baseline_total_seconds": 0.016486841000073582,
          "candidate": "candidates.baseline_candidate",
          "candidate_median_ms": 0.3107255000003306,
          "candidate_p95_ms": 0.5644459999984974,
          "candidate_total_seconds": 0.014721277999939275,
          "cases": 50,
          "certified": true,
          "correct": 50,
          "dataset": "/home/runner/work/FABLEBREAKER-BENCHMARK/FABLEBREAKER-BENCHMARK/ItsNotAILABS/FABLEBREAKER-BENCHMARK/fablebreaker/dataset/batch_hidden_1701.jsonl",
          "failed": 0,
          "failures": [],
          "family_diagnostics": {
            "branch_balance": {
              "baseline_median_ms": 0.2934389999893483,
              "baseline_p95_ms": 0.4541819999985819,
              "candidate_median_ms": 0.2526589999973794,
              "candidate_p95_ms": 0.35488599999666803,
              "cases": 10,
              "certified": true,
              "correct": 10,
              "failed": 0,
              "failures": [],
              "speedup_vs_reference": 1.1617103745764694
            },
            "deep_pair_projection": {
              "baseline_median_ms": 0.12363300001538846,
              "baseline_p95_ms": 0.22194900000727102,
              "candidate_median_ms": 0.08218199999987519,
              "candidate_p95_ms": 0.21152299999016577,
              "cases": 7,
              "certified": true,
              "correct": 7,
              "failed": 0,
              "failures": [],
              "speedup_vs_reference": 1.1601795620047948
            },
            "del_erasure_trap": {
              "baseline_median_ms": 0.10978250000448497,
              "baseline_p95_ms": 0.17338700001801044,
              "candidate_median_ms": 0.10208150000323712,
              "candidate_p95_ms": 0.17744300001254487,
              "cases": 6,
              "certified": true,
              "correct": 6,
              "failed": 0,
              "failures": [],
              "speedup_vs_reference": 1.0952499757378167
            },
            "duplication_aliasing": {
              "baseline_median_ms": 0.48823249998974916,
              "baseline_p95_ms": 0.5934590000151729,
              "candidate_median_ms": 0.4140685000066924,
              "candidate_p95_ms": 0.5376259999820832,
              "cases": 12,
              "certified": true,
              "correct": 12,
              "failed": 0,
              "failures": [],
              "speedup_vs_reference": 1.1402321174911694
            },
            "dynamic_match_storm": {
              "baseline_median_ms": 0.39739300000007916,
              "baseline_p95_ms": 0.4948719999902096,
              "candidate_median_ms": 0.3440240000003314,
              "candidate_p95_ms": 0.3650010000058046,
              "cases": 8,
              "certified": true,
              "correct": 8,
              "failed": 0,
              "failures": [],
              "speedup_vs_reference": 1.2372978702134385
            },
            "modular_arithmetic_net": {
              "baseline_median_ms": 0.5404000000055476,
              "baseline_p95_ms": 0.658245000010993,
              "candidate_median_ms": 0.5569440000101622,
              "candidate_p95_ms": 0.6367119999879378,
              "cases": 7,
              "certified": true,
              "correct": 7,
              "failed": 0,
              "failures": [],
              "speedup_vs_reference": 0.9975827925838707
            }
          },
          "speedup_vs_reference": 1.1199327259590905
        }
      ],
      "public_score": {
        "baseline_median_ms": 0.11598199999696135,
        "baseline_p95_ms": 0.4342029999975239,
        "baseline_total_seconds": 0.008858334999956696,
        "candidate": "candidates.baseline_candidate",
        "candidate_median_ms": 0.11235649998297959,
        "candidate_p95_ms": 0.4468310000049769,
        "candidate_total_seconds": 0.008486947999870154,
        "cases": 50,
        "certified": true,
        "correct": 50,
        "dataset": "/home/runner/work/FABLEBREAKER-BENCHMARK/FABLEBREAKER-BENCHMARK/ItsNotAILABS/FABLEBREAKER-BENCHMARK/fablebreaker/dataset/batch_public.jsonl",
        "failed": 0,
        "failures": [],
        "family_diagnostics": {
          "branch_balance": {
            "baseline_median_ms": 0.09475000001657463,
            "baseline_p95_ms": 0.20580500000733082,
            "candidate_median_ms": 0.08101000000237946,
            "candidate_p95_ms": 0.1868469999806166,
            "cases": 3,
            "certified": true,
            "correct": 3,
            "failed": 0,
            "failures": [],
            "speedup_vs_reference": 1.1232372968118505
          },
          "deep_pair_projection": {
            "baseline_median_ms": 0.05776599999762766,
            "baseline_p95_ms": 0.09141500001419445,
            "candidate_median_ms": 0.05438100001242674,
            "candidate_p95_ms": 0.09496100000205843,
            "cases": 9,
            "certified": true,
            "correct": 9,
            "failed": 0,
            "failures": [],
            "speedup_vs_reference": 1.0299171327105268
          },
          "del_erasure_trap": {
            "baseline_median_ms": 0.09507100000405444,
            "baseline_p95_ms": 0.11435999999775959,
            "candidate_median_ms": 0.09445000000596337,
            "candidate_p95_ms": 0.12140999999132873,
            "cases": 11,
            "certified": true,
            "correct": 11,
            "failed": 0,
            "failures": [],
            "speedup_vs_reference": 1.0380190685443633
          },
          "duplication_aliasing": {
            "baseline_median_ms": 0.3381054999920252,
            "baseline_p95_ms": 0.4342029999975239,
            "candidate_median_ms": 0.31515649999391826,
            "candidate_p95_ms": 0.4541119999998955,
            "cases": 8,
            "certified": true,
            "correct": 8,
            "failed": 0,
            "failures": [],
            "speedup_vs_reference": 1.0498729774915747
          },
          "dynamic_match_storm": {
            "baseline_median_ms": 0.15184500000486878,
            "baseline_p95_ms": 0.2419579999752841,
            "candidate_median_ms": 0.12828499998818188,
            "candidate_p95_ms": 0.2033709999977873,
            "cases": 8,
            "certified": true,
            "correct": 8,
            "failed": 0,
            "failures": [],
            "speedup_vs_reference": 1.156800247539979
          },
          "modular_arithmetic_net": {
            "baseline_median_ms": 0.3075750000220978,
            "baseline_p95_ms": 0.4697950000149831,
            "candidate_median_ms": 0.3188620000003084,
            "candidate_p95_ms": 0.449855999988813,
            "cases": 11,
            "certified": true,
            "correct": 11,
            "failed": 0,
            "failures": [],
            "speedup_vs_reference": 1.0037492237172634
          }
        },
        "speedup_vs_reference": 1.0437597826795009
      },
      "speedup": 1.0437597826795009,
      "total_cases": 100
    },
    {
      "candidate": "candidates.example_multi_agent",
      "certified": true,
      "correct": 100,
      "elapsed_seconds": 0.073360823999991,
      "error": null,
      "failed": 0,
      "failure_families": [],
      "hidden_scores": [
        {
          "baseline_median_ms": 0.35467999998672894,