{
  "baseline_median_ms": 0.31073000000958473,
  "baseline_p95_ms": 0.6009290000008605,
  "baseline_total_seconds": 0.03261276300008831,
  "candidate": "candidates.baseline_candidate",
  "candidate_median_ms": 0.2652874999995447,
  "candidate_p95_ms": 0.6088110000064262,
  "candidate_total_seconds": 0.028397245000348903,
  "cases": 100,
  "certified": true,
  "correct": 100,
  "dataset": "/home/runner/work/FABLEBREAKER-BENCHMARK/FABLEBREAKER-BENCHMARK/ItsNotAILABS/FABLEBREAKER-BENCHMARK/fablebreaker/dataset/hidden_seed_1701.jsonl",
  "failed": 0,
  "failures": [],
  "family_diagnostics": {
    "branch_balance": {
      "baseline_median_ms": 0.31073000000958473,
      "baseline_p95_ms": 0.5276409999908083,
      "candidate_median_ms": 0.25510249999172174,
      "candidate_p95_ms": 0.36660300000335155,
      "cases": 20,
      "certified": true,
      "correct": 20,
      "failed": 0,
      "failures": [],
      "speedup_vs_reference": 1.2637375114741587
    },
    "deep_pair_projection": {
      "baseline_median_ms": 0.10339350001231651,
      "baseline_p95_ms": 0.23039100000232793,
      "candidate_median_ms": 0.0944094999937306,
      "candidate_p95_ms": 0.2215169999999489,
      "cases": 16,
      "certified": true,
      "correct": 16,
      "failed": 0,
      "failures": [],
      "speedup_vs_reference": 1.029486481194721
    },
    "del_erasure_trap": {
      "baseline_median_ms": 0.12813000000733155,
      "baseline_p95_ms": 0.23502800002006552,
      "candidate_median_ms": 0.10606700001858371,
      "candidate_p95_ms": 0.19150400001421986,
      "cases": 15,
      "certified": true,
      "correct": 15,
      "failed": 0,
      "failures": [],
      "speedup_vs_reference": 1.1170037117104419
    },
    "duplication_aliasing": {
      "baseline_median_ms": 0.5113870000030829,
      "baseline_p95_ms": 0.6333970000014233,
      "candidate_median_ms": 0.4392300000120031,
      "candidate_p95_ms": 0.6088110000064262,
      "cases": 18,
      "certified": true,
      "correct": 18,
      "failed": 0,
      "failures": [],
      "speedup_vs_reference": 1.1498852274404288
    },
    "dynamic_match_storm": {
      "baseline_median_ms": 0.4473720000106596,
      "baseline_p95_ms": 0.5224230000067109,
      "candidate_median_ms": 0.3494774999950323,
      "candidate_p95_ms": 0.39140000001225417,
      "cases": 16,
      "certified": true,
      "correct": 16,
      "failed": 0,
      "failures": [],
      "speedup_vs_reference": 1.3399782582566555
    },
    "modular_arithmetic_net": {
      "baseline_median_ms": 0.505398000001378,
      "baseline_p95_ms": 0.6557709999981398,
      "candidate_median_ms": 0.48644999998259664,
      "candidate_p95_ms": 0.6492010000158643,
      "cases": 15,
      "certified": true,
      "correct": 15,
      "failed": 0,
      "failures": [],
      "speedup_vs_reference": 1.0015248462287683
    }
  },
  "speedup_vs_reference": 1.148448132897667
}
