{
  "baseline_median_ms": 0.13888049998911356,
  "baseline_p95_ms": 0.4398110000067845,
  "baseline_total_seconds": 0.0188229219999414,
  "candidate": "candidates.baseline_candidate",
  "candidate_median_ms": 0.12021349999713493,
  "candidate_p95_ms": 0.43616600001428196,
  "candidate_total_seconds": 0.017103820000016867,
  "cases": 100,
  "certified": true,
  "correct": 100,
  "dataset": "/home/runner/work/FABLEBREAKER-BENCHMARK/FABLEBREAKER-BENCHMARK/ItsNotAILABS/FABLEBREAKER-BENCHMARK/fablebreaker/dataset/public.jsonl",
  "failed": 0,
  "failures": [],
  "family_diagnostics": {
    "branch_balance": {
      "baseline_median_ms": 0.1520855000052279,
      "baseline_p95_ms": 0.22973999998043837,
      "candidate_median_ms": 0.12463450001121146,
      "candidate_p95_ms": 0.18647599998189435,
      "cases": 14,
      "certified": true,
      "correct": 14,
      "failed": 0,
      "failures": [],
      "speedup_vs_reference": 1.228080773405834
    },
    "deep_pair_projection": {
      "baseline_median_ms": 0.06740999998555708,
      "baseline_p95_ms": 0.10340299999711533,
      "candidate_median_ms": 0.06145099999343984,
      "candidate_p95_ms": 0.08921200000600038,
      "cases": 15,
      "certified": true,
      "correct": 15,
      "failed": 0,
      "failures": [],
      "speedup_vs_reference": 1.105901035288109
    },
    "del_erasure_trap": {
      "baseline_median_ms": 0.08192100000314895,
      "baseline_p95_ms": 0.11713300000337767,
      "candidate_median_ms": 0.08765900000184956,
      "candidate_p95_ms": 0.10657799998625705,
      "cases": 21,
      "certified": true,
      "correct": 21,
      "failed": 0,
      "failures": [],
      "speedup_vs_reference": 1.1481419274413291
    },
    "duplication_aliasing": {
      "baseline_median_ms": 0.33910249999280495,
      "baseline_p95_ms": 0.4291749999936201,
      "candidate_median_ms": 0.293269499991311,
      "candidate_p95_ms": 0.39649699999699806,
      "cases": 16,
      "certified": true,
      "correct": 16,
      "failed": 0,
      "failures": [],
      "speedup_vs_reference": 1.126291578138969
    },
    "dynamic_match_storm": {
      "baseline_median_ms": 0.16825900002004346,
      "baseline_p95_ms": 0.2379119999886825,
      "candidate_median_ms": 0.14903000001709188,
      "candidate_p95_ms": 0.1884289999907196,
      "cases": 15,
      "certified": true,
      "correct": 15,
      "failed": 0,
      "failures": [],
      "speedup_vs_reference": 1.2232246288222939
    },
    "modular_arithmetic_net": {
      "baseline_median_ms": 0.34451999999873806,
      "baseline_p95_ms": 0.5177160000187087,
      "candidate_median_ms": 0.3515399999969304,
      "candidate_p95_ms": 0.47132800000326824,
      "cases": 19,
      "certified": true,
      "correct": 19,
      "failed": 0,
      "failures": [],
      "speedup_vs_reference": 1.005087457796957
    }
  },
  "speedup_vs_reference": 1.1005098276246381
}
