{
  "candidate_name": "candidates.baseline_candidate",
  "candidate_source_ref": "",
  "content_hash": "fe71d9b503c412eecf2514eb65958796128722755c1287eb54969f65c17dabcb",
  "evidence_version": "1.0.0",
  "hidden_score": {
    "candidate_median_ms": 0.2725740000073529,
    "candidate_p95_ms": 0.6268189999900642,
    "cases": 240,
    "certified": true,
    "correct": 240,
    "failed": 0,
    "family_diagnostics": {
      "branch_balance": {
        "baseline_median_ms": 0.3692725000092878,
        "baseline_p95_ms": 0.5378870000072311,
        "candidate_median_ms": 0.2873309999955609,
        "candidate_p95_ms": 0.3978889999984858,
        "cases": 46,
        "certified": true,
        "correct": 46,
        "failed": 0,
        "failures": [],
        "speedup_vs_reference": 1.2433991255439785
      },
      "deep_pair_projection": {
        "baseline_median_ms": 0.11475549999317991,
        "baseline_p95_ms": 0.22974099999828468,
        "candidate_median_ms": 0.11193100000639333,
        "candidate_p95_ms": 0.2107629999841265,
        "cases": 28,
        "certified": true,
        "correct": 28,
        "failed": 0,
        "failures": [],
        "speedup_vs_reference": 1.020138905318366
      },
      "del_erasure_trap": {
        "baseline_median_ms": 0.15542000002710665,
        "baseline_p95_ms": 0.2579819999937172,
        "candidate_median_ms": 0.143872999984751,
        "candidate_p95_ms": 0.23510799999826304,
        "cases": 39,
        "certified": true,
        "correct": 39,
        "failed": 0,
        "failures": [],
        "speedup_vs_reference": 0.9928203199637426
      },
      "duplication_aliasing": {
        "baseline_median_ms": 0.5711509999883901,
        "baseline_p95_ms": 0.7806009999740127,
        "candidate_median_ms": 0.4824899999960053,
        "candidate_p95_ms": 0.6383060000132446,
        "cases": 44,
        "certified": true,
        "correct": 44,
        "failed": 0,
        "failures": [],
        "speedup_vs_reference": 1.1708324270621788
      },
      "dynamic_match_storm": {
        "baseline_median_ms": 0.3620869999849674,
        "baseline_p95_ms": 0.5641059999845766,
        "candidate_median_ms": 0.2668249999828731,
        "candidate_p95_ms": 0.43704799998067756,
        "cases": 45,
        "certified": true,
        "correct": 45,
        "failed": 0,
        "failures": [],
        "speedup_vs_reference": 1.2453635673247423
      },
      "modular_arithmetic_net": {
        "baseline_median_ms": 0.44477899999151305,
        "baseline_p95_ms": 0.7172330000173588,
        "candidate_median_ms": 0.439801499993564,
        "candidate_p95_ms": 0.6863669999859212,
        "cases": 38,
        "certified": true,
        "correct": 38,
        "failed": 0,
        "failures": [],
        "speedup_vs_reference": 1.0262144548849077
      }
    },
    "speedup_vs_reference": 1.142285477865333
  },
  "hidden_seed_commitment": "1b365a4dfc8a9d9d77b27e0e07614e4001bb2e0ffb38676277f9155a082913c0",
  "notes": "",
  "operator": "self-audit",
  "overall_certified": true,
  "overall_speedup": 1.079835633709864,
  "public_score": {
    "candidate_median_ms": 0.17096849998665675,
    "candidate_p95_ms": 0.44857399998932124,
    "cases": 240,
    "certified": true,
    "correct": 240,
    "failed": 0,
    "family_diagnostics": {
      "branch_balance": {
        "baseline_median_ms": 0.17287549999878138,
        "baseline_p95_ms": 0.2929739999899539,
        "candidate_median_ms": 0.14832999998759533,
        "candidate_p95_ms": 0.22089800000912874,
        "cases": 32,
        "certified": true,
        "correct": 32,
        "failed": 0,
        "failures": [],
        "speedup_vs_reference": 1.1584818106140324
      },
      "deep_pair_projection": {
        "baseline_median_ms": 0.08025900000063757,
        "baseline_p95_ms": 0.11347800000294228,
        "candidate_median_ms": 0.08135549998655733,
        "candidate_p95_ms": 0.11056299999268049,
        "cases": 36,
        "certified": true,
        "correct": 36,
        "failed": 0,
        "failures": [],
        "speedup_vs_reference": 0.9847702027642142
      },
      "del_erasure_trap": {
        "baseline_median_ms": 0.08947199998488031,
        "baseline_p95_ms": 0.1759410000090611,
        "candidate_median_ms": 0.09847600000512102,
        "candidate_p95_ms": 0.15158499999756714,
        "cases": 45,
        "certified": true,
        "correct": 45,
        "failed": 0,
        "failures": [],
        "speedup_vs_reference": 0.9714216744935943
      },
      "duplication_aliasing": {
        "baseline_median_ms": 0.3825219999953333,
        "baseline_p95_ms": 0.5309670000031019,
        "candidate_median_ms": 0.3290525000068101,
        "candidate_p95_ms": 0.4393110000080469,
        "cases": 44,
        "certified": true,
        "correct": 44,
        "failed": 0,
        "failures": [],
        "speedup_vs_reference": 1.147185236974872
      },
      "dynamic_match_storm": {
        "baseline_median_ms": 0.21261599999888858,
        "baseline_p95_ms": 0.30962900001441085,
        "candidate_median_ms": 0.1900410000246211,
        "candidate_p95_ms": 0.22892900000215377,
        "cases": 41,
        "certified": true,
        "correct": 41,
        "failed": 0,
        "failures": [],
        "speedup_vs_reference": 1.1939952090468418
      },
      "modular_arithmetic_net": {
        "baseline_median_ms": 0.35239249999108324,
        "baseline_p95_ms": 0.5379779999827861,
        "candidate_median_ms": 0.35880100000440507,
        "candidate_p95_ms": 0.5315669999959027,
        "cases": 42,
        "certified": true,
        "correct": 42,
        "failed": 0,
        "failures": [],
        "speedup_vs_reference": 0.9930875590591883
      }
    },
    "speedup_vs_reference": 1.079835633709864
  },
  "public_seed": 823,
  "suite_id": "fablebreaker",
  "suite_version": "0.1.0",
  "timestamp_utc": "2026-06-11T22:00:00Z",
  "total_cases": 480,
  "total_correct": 480,
  "total_failed": 0
}
